Company,Fiscal Year,Total Revenue,Net Income,Total Assets,Total Liabilities,Operating Cash Flow
Apple,2023,383285,96995,352583,290437,110543
Apple,2024,391035,93736,364980,308030,118254
Apple,2025,416161,112010,359241,285508,111482
Microsoft,2023,211915,72361,411976,205753,87582
Microsoft,2024,245122,88136,512163,243686,118548
Microsoft,2025,281724,101832,619003,275524,136162
Tesla,2023,96773,14997,106618,43251,13256
Tesla,2024,97690,7091,122070,48453,14923
Tesla,2025,94827,3794,137806,54999,14747
